f_Hz,S21_dB
1000,-16.9519
1011.58,-17.0121
1023.29,-17.0717
1035.14,-17.1308
1047.13,-17.1895
1059.25,-17.2476
1071.52,-17.3051
1083.93,-17.3622
1096.48,-17.4187
1109.17,-17.4747
1122.02,-17.5302
1135.01,-17.5851
1148.15,-17.6395
1161.45,-17.6934
1174.9,-17.7467
1188.5,-17.7995
1202.26,-17.8517
1216.19,-17.9035
1230.27,-17.9546
1244.51,-18.0053
1258.93,-18.0554
1273.5,-18.1049
1288.25,-18.154
1303.17,-18.2025
1318.26,-18.2504
1333.52,-18.2978
1348.96,-18.3447
1364.58,-18.391
1380.38,-18.4368
1396.37,-18.4821
1412.54,-18.5268
1428.89,-18.5711
1445.44,-18.6147
1462.18,-18.6579
1479.11,-18.7005
1496.24,-18.7426
1513.56,-18.7842
1531.09,-18.8253
1548.82,-18.8658
1566.75,-18.9059
1584.89,-18.9454
1603.25,-18.9845
1621.81,-19.023
1640.59,-19.061
1659.59,-19.0986
1678.8,-19.1356
1698.24,-19.1722
1717.91,-19.2083
1737.8,-19.2439
1757.92,-19.279
1778.28,-19.3137
1798.87,-19.3479
1819.7,-19.3816
1840.77,-19.4149
1862.09,-19.4477
1883.65,-19.4801
1905.46,-19.512
1927.52,-19.5435
1949.84,-19.5746
1972.42,-19.6052
1995.26,-19.6354
2018.37,-19.6653
2041.74,-19.6947
2065.38,-19.7237
2089.3,-19.7523
2113.49,-19.7805
2137.96,-19.8083
2162.72,-19.8357
2187.76,-19.8628
2213.09,-19.8895
2238.72,-19.9158
2264.64,-19.9418
2290.87,-19.9674
2317.39,-19.9927
2344.23,-20.0176
2371.37,-20.0423
2398.83,-20.0665
2426.61,-20.0905
2454.71,-20.1142
2483.13,-20.1375
2511.89,-20.1606
2540.97,-20.1833
2570.4,-20.2058
2600.16,-20.228
2630.27,-20.2499
2660.73,-20.2716
2691.53,-20.293
2722.7,-20.3141
2754.23,-20.335
2786.12,-20.3557
2818.38,-20.3761
2851.02,-20.3963
2884.03,-20.4162
2917.43,-20.436
2951.21,-20.4555
2985.38,-20.4749
3019.95,-20.494
3054.92,-20.513
3090.3,-20.5318
3126.08,-20.5504
3162.28,-20.5689
3198.9,-20.5871
3235.94,-20.6053
3273.41,-20.6233
3311.31,-20.6411
3349.65,-20.6588
3388.44,-20.6764
3427.68,-20.6939
3467.37,-20.7112
3507.52,-20.7285
3548.13,-20.7456
3589.22,-20.7627
3630.78,-20.7797
3672.82,-20.7965
3715.35,-20.8134
3758.37,-20.8301
3801.89,-20.8468
3845.92,-20.8634
3890.45,-20.88
3935.5,-20.8966
3981.07,-20.9131
4027.17,-20.9296
4073.8,-20.946
4120.98,-20.9625
4168.69,-20.9789
4216.97,-20.9954
4265.8,-21.0118
4315.19,-21.0283
4365.16,-21.0448
4415.7,-21.0613
4466.84,-21.0779
4518.56,-21.0944
4570.88,-21.1111
4623.81,-21.1278
4677.35,-21.1445
4731.51,-21.1613
4786.3,-21.1782
4841.72,-21.1952
4897.79,-21.2123
4954.5,-21.2294
5011.87,-21.2467
5069.91,-21.264
5128.61,-21.2815
5188,-21.2991
5248.07,-21.3168
5308.84,-21.3347
5370.32,-21.3527
5432.5,-21.3708
5495.41,-21.3891
5559.04,-21.4076
5623.41,-21.4262
5688.53,-21.445
5754.4,-21.464
5821.03,-21.4832
5888.44,-21.5025
5956.62,-21.5221
6025.6,-21.5419
6095.37,-21.5619
6165.95,-21.5821
6237.35,-21.6025
6309.57,-21.6232
6382.63,-21.6441
6456.54,-21.6653
6531.31,-21.6867
6606.93,-21.7084
6683.44,-21.7304
6760.83,-21.7526
6839.12,-21.7751
6918.31,-21.7979
6998.42,-21.821
7079.46,-21.8444
7161.43,-21.8682
7244.36,-21.8922
7328.25,-21.9165
7413.1,-21.9412
7498.94,-21.9662
7585.78,-21.9916
7673.61,-22.0173
7762.47,-22.0433
7852.36,-22.0697
7943.28,-22.0965
8035.26,-22.1237
8128.31,-22.1512
8222.43,-22.1791
8317.64,-22.2074
8413.95,-22.2361
8511.38,-22.2653
8609.94,-22.2948
8709.64,-22.3247
8810.49,-22.3551
8912.51,-22.3858
9015.71,-22.4171
9120.11,-22.4487
9225.71,-22.4808
9332.54,-22.5134
9440.61,-22.5464
9549.93,-22.5798
9660.51,-22.6137
9772.37,-22.6481
9885.53,-22.683
10000,-22.7183
10115.8,-22.7542
10232.9,-22.7905
10351.4,-22.8273
10471.3,-22.8646
10592.5,-22.9024
10715.2,-22.9407
10839.3,-22.9795
10964.8,-23.0189
11091.7,-23.0587
11220.2,-23.0991
11350.1,-23.14
11481.5,-23.1814
11614.5,-23.2233
11749,-23.2658
11885,-23.3088
12022.6,-23.3524
12161.9,-23.3965
12302.7,-23.4411
12445.1,-23.4863
12589.3,-23.5321
12735,-23.5784
12882.5,-23.6252
13031.7,-23.6726
13182.6,-23.7206
13335.2,-23.7691
13489.6,-23.8181
13645.8,-23.8678
13803.8,-23.9179
13963.7,-23.9687
14125.4,-24.02
14288.9,-24.0719
14454.4,-24.1243
14621.8,-24.1773
14791.1,-24.2309
14962.4,-24.285
15135.6,-24.3396
15310.9,-24.3949
15488.2,-24.4507
15667.5,-24.507
15848.9,-24.564
16032.5,-24.6214
16218.1,-24.6794
16405.9,-24.738
16595.9,-24.7972
16788,-24.8568
16982.4,-24.9171
17179.1,-24.9779
17378,-25.0392
17579.2,-25.1011
17782.8,-25.1635
17988.7,-25.2264
18197,-25.2899
18407.7,-25.3539
18620.9,-25.4184
18836.5,-25.4835
19054.6,-25.5491
19275.2,-25.6152
19498.4,-25.6818
19724.2,-25.749
19952.6,-25.8166
20183.7,-25.8848
20417.4,-25.9534
20653.8,-26.0226
20893,-26.0923
21134.9,-26.1624
21379.6,-26.233
21627.2,-26.3041
21877.6,-26.3757
22130.9,-26.4478
22387.2,-26.5203
22646.4,-26.5933
22908.7,-26.6668
23173.9,-26.7407
23442.3,-26.8151
23713.7,-26.8899
23988.3,-26.9652
24266.1,-27.0409
24547.1,-27.117
24831.3,-27.1936
25118.9,-27.2706
25409.7,-27.348
25704,-27.4258
26001.6,-27.5041
26302.7,-27.5827
26607.3,-27.6618
26915.3,-27.7412
27227,-27.821
27542.3,-27.9013
27861.2,-27.9819
28183.8,-28.0629
28510.2,-28.1442
28840.3,-28.226
29174.3,-28.3081
29512.1,-28.3905
29853.8,-28.4733
30199.5,-28.5565
30549.2,-28.64
30903,-28.7239
31260.8,-28.8081
31622.8,-28.8926
31989,-28.9774
32359.4,-29.0626
32734.1,-29.1481
33113.1,-29.2339
33496.5,-29.3201
33884.4,-29.4065
34276.8,-29.4932
34673.7,-29.5803
35075.2,-29.6676
35481.3,-29.7552
35892.2,-29.8431
36307.8,-29.9313
36728.2,-30.0198
37153.5,-30.1085
37583.7,-30.1975
38018.9,-30.2868
38459.2,-30.3764
38904.5,-30.4662
39355,-30.5562
39810.7,-30.6466
40271.7,-30.7371
40738,-30.828
41209.8,-30.919
41686.9,-31.0103
42169.7,-31.1019
42658,-31.1937
43151.9,-31.2857
43651.6,-31.3779
44157,-31.4704
44668.4,-31.5631
45185.6,-31.656
45708.8,-31.7491
46238.1,-31.8425
46773.5,-31.936
47315.1,-32.0298
47863,-32.1238
48417.2,-32.218
48977.9,-32.3124
49545,-32.407
50118.7,-32.5017
50699.1,-32.5967
51286.1,-32.6919
51880,-32.7873
52480.7,-32.8829
53088.4,-32.9786
53703.2,-33.0746
54325,-33.1707
54954.1,-33.267
55590.4,-33.3635
56234.1,-33.4602
56885.3,-33.5571
57544,-33.6541
58210.3,-33.7514
58884.4,-33.8488
59566.2,-33.9463
60256,-34.0441
60953.7,-34.142
61659.5,-34.2401
62373.5,-34.3384
63095.7,-34.4369
63826.3,-34.5355
64565.4,-34.6343
65313.1,-34.7332
66069.3,-34.8324
66834.4,-34.9317
67608.3,-35.0312
68391.2,-35.1308
69183.1,-35.2306
69984.2,-35.3306
70794.6,-35.4307
71614.3,-35.5311
72443.6,-35.6316
73282.5,-35.7322
74131,-35.8331
74989.4,-35.9341
75857.8,-36.0352
76736.1,-36.1366
77624.7,-36.2381
78523.6,-36.3398
79432.8,-36.4416
80352.6,-36.5437
81283.1,-36.6459
82224.3,-36.7483
83176.4,-36.8509
84139.5,-36.9536
85113.8,-37.0565
86099.4,-37.1596
87096.4,-37.2629
88104.9,-37.3664
89125.1,-37.47
90157.1,-37.5739
91201.1,-37.6779
92257.1,-37.7821
93325.4,-37.8865
94406.1,-37.9911
95499.3,-38.0959
96605.1,-38.2009
97723.7,-38.3061
98855.3,-38.4115
100000,-38.5171
101158,-38.6229
102329,-38.7289
103514,-38.8352
104713,-38.9416
105925,-39.0482
107152,-39.1551
108393,-39.2622
109648,-39.3695
110917,-39.4771
112202,-39.5848
113501,-39.6928
114815,-39.8011
116145,-39.9095
117490,-40.0182
118850,-40.1272
120226,-40.2364
121619,-40.3459
123027,-40.4556
124451,-40.5656
125893,-40.6758
127350,-40.7863
128825,-40.8971
130317,-41.0081
131826,-41.1194
133352,-41.231
134896,-41.3429
136458,-41.4551
138038,-41.5676
139637,-41.6804
141254,-41.7934
142889,-41.9068
144544,-42.0205
146218,-42.1345
147911,-42.2488
149624,-42.3635
151356,-42.4785
153109,-42.5938
154882,-42.7095
156675,-42.8255
158489,-42.9418
160325,-43.0585
162181,-43.1756
164059,-43.293
165959,-43.4108
167880,-43.529
169824,-43.6475
171791,-43.7665
173780,-43.8858
175792,-44.0055
177828,-44.1256
179887,-44.2461
181970,-44.3671
184077,-44.4884
186209,-44.6102
188365,-44.7324
190546,-44.8551
192752,-44.9781
194984,-45.1017
197242,-45.2256
199526,-45.3501
201837,-45.475
204174,-45.6003
206538,-45.7261
208930,-45.8525
211349,-45.9792
213796,-46.1065
216272,-46.2343
218776,-46.3626
221309,-46.4914
223872,-46.6207
226464,-46.7505
229087,-46.8808
231739,-47.0117
234423,-47.1431
237137,-47.275
239883,-47.4075
242661,-47.5405
245471,-47.6741
248313,-47.8082
251189,-47.9429
254097,-48.0782
257040,-48.2141
260016,-48.3505
263027,-48.4875
266073,-48.6251
269153,-48.7633
272270,-48.9021
275423,-49.0415
278612,-49.1816
281838,-49.3222
285102,-49.4635
288403,-49.6053
291743,-49.7478
295121,-49.891
298538,-50.0347
301995,-50.1792
305492,-50.3242
309030,-50.4699
312608,-50.6163
316228,-50.7633
319890,-50.9109
323594,-51.0593
327341,-51.2083
331131,-51.358
334965,-51.5083
338844,-51.6593
342768,-51.811
346737,-51.9634
350752,-52.1165
354813,-52.2702
358922,-52.4246
363078,-52.5798
367282,-52.7356
371535,-52.8922
375837,-53.0494
380189,-53.2073
384592,-53.366
389045,-53.5253
393550,-53.6854
398107,-53.8462
402717,-54.0076
407380,-54.1698
412098,-54.3328
416869,-54.4964
421697,-54.6608
426580,-54.8259
431519,-54.9917
436516,-55.1582
441570,-55.3255
446684,-55.4935
451856,-55.6622
457088,-55.8317
462381,-56.0019
467735,-56.1728
473151,-56.3445
478630,-56.5169
484172,-56.6901
489779,-56.864
495450,-57.0387
501187,-57.2141
506991,-57.3902
512861,-57.5671
518800,-57.7448
524807,-57.9232
530884,-58.1023
537032,-58.2823
543250,-58.463
549541,-58.6444
555904,-58.8266
562341,-59.0096
568853,-59.1934
575440,-59.3779
582103,-59.5632
588844,-59.7494
595662,-59.9362
602560,-60.1239
609537,-60.3124
616595,-60.5017
623735,-60.6917
630957,-60.8826
638263,-61.0743
645654,-61.2668
653131,-61.4602
660693,-61.6543
668344,-61.8493
676083,-62.0451
683912,-62.2418
691831,-62.4394
699842,-62.6378
707946,-62.837
716143,-63.0372
724436,-63.2382
732825,-63.4401
741310,-63.643
749894,-63.8467
758578,-64.0514
767361,-64.257
776247,-64.4635
785236,-64.671
794328,-64.8795
803526,-65.089
812831,-65.2994
822243,-65.5109
831764,-65.7234
841395,-65.9369
851138,-66.1516
860994,-66.3672
870964,-66.584
881049,-66.8019
891251,-67.0209
901571,-67.2411
912011,-67.4624
922571,-67.685
933254,-67.9087
944061,-68.1337
954993,-68.36
966051,-68.5876
977237,-68.8164
988553,-69.0467
1e+06,-69.2783
1.01158e+06,-69.5113
1.02329e+06,-69.7458
1.03514e+06,-69.9817
1.04713e+06,-70.2192
1.05925e+06,-70.4582
1.07152e+06,-70.6988
1.08393e+06,-70.941
1.09648e+06,-71.1849
1.10917e+06,-71.4305
1.12202e+06,-71.6778
1.13501e+06,-71.9269
1.14815e+06,-72.1779
1.16145e+06,-72.4308
1.1749e+06,-72.6857
1.1885e+06,-72.9426
1.20226e+06,-73.2015
1.21619e+06,-73.4625
1.23027e+06,-73.7258
1.24451e+06,-73.9913
1.25893e+06,-74.2591
1.2735e+06,-74.5292
1.28825e+06,-74.8019
1.30317e+06,-75.0771
1.31826e+06,-75.3548
1.33352e+06,-75.6353
1.34896e+06,-75.9186
1.36458e+06,-76.2047
1.38038e+06,-76.4937
1.39637e+06,-76.7858
1.41254e+06,-77.0809
1.42889e+06,-77.3794
1.44544e+06,-77.6811
1.46218e+06,-77.9862
1.47911e+06,-78.2948
1.49624e+06,-78.6071
1.51356e+06,-78.923
1.53109e+06,-79.2428
1.54882e+06,-79.5664
1.56675e+06,-79.894
1.58489e+06,-80.2257
1.60325e+06,-80.5615
1.62181e+06,-80.9015
1.64059e+06,-81.2457
1.65959e+06,-81.5943
1.6788e+06,-81.9471
1.69824e+06,-82.3041
1.71791e+06,-82.6653
1.7378e+06,-83.0306
1.75792e+06,-83.3998
1.77828e+06,-83.7726
1.79887e+06,-84.1488
1.8197e+06,-84.5279
1.84077e+06,-84.9093
1.86209e+06,-85.2924
1.88365e+06,-85.6762
1.90546e+06,-86.0598
1.92752e+06,-86.4418
1.94984e+06,-86.8206
1.97242e+06,-87.1945
1.99526e+06,-87.5612
2.01837e+06,-87.9184
2.04174e+06,-88.2632
2.06538e+06,-88.5927
2.0893e+06,-88.9034
2.11349e+06,-89.1921
2.13796e+06,-89.4553
2.16272e+06,-89.6898
2.18776e+06,-89.8926
2.21309e+06,-90.0613
2.23872e+06,-90.1944
2.26464e+06,-90.2908
2.29087e+06,-90.3506
2.31739e+06,-90.3748
2.34423e+06,-90.3651
2.37137e+06,-90.3239
2.39883e+06,-90.2541
2.42661e+06,-90.1591
2.45471e+06,-90.0422
2.48313e+06,-89.9069
2.51189e+06,-89.7563
2.54097e+06,-89.5935
2.5704e+06,-89.4214
2.60016e+06,-89.2422
2.63027e+06,-89.0581
2.66073e+06,-88.871
2.69153e+06,-88.6823
2.7227e+06,-88.4934
2.75423e+06,-88.3053
2.78612e+06,-88.1188
2.81838e+06,-87.9347
2.85102e+06,-87.7535
2.88403e+06,-87.5756
2.91743e+06,-87.4012
2.95121e+06,-87.2308
2.98538e+06,-87.0643
3.01995e+06,-86.902
3.05492e+06,-86.7438
3.0903e+06,-86.5899
3.12608e+06,-86.4401
3.16228e+06,-86.2945
3.1989e+06,-86.153
3.23594e+06,-86.0155
3.27341e+06,-85.882
3.31131e+06,-85.7524
3.34965e+06,-85.6266
3.38844e+06,-85.5045
3.42768e+06,-85.3859
3.46737e+06,-85.2709
3.50752e+06,-85.1592
3.54813e+06,-85.0508
3.58922e+06,-84.9456
3.63078e+06,-84.8435
3.67282e+06,-84.7444
3.71535e+06,-84.6482
3.75837e+06,-84.5547
3.80189e+06,-84.464
3.84592e+06,-84.3759
3.89045e+06,-84.2903
3.9355e+06,-84.2072
3.98107e+06,-84.1264
4.02717e+06,-84.0479
4.0738e+06,-83.9716
4.12098e+06,-83.8975
4.16869e+06,-83.8254
4.21697e+06,-83.7553
4.2658e+06,-83.6871
4.31519e+06,-83.6208
4.36516e+06,-83.5563
4.4157e+06,-83.4935
4.46684e+06,-83.4324
4.51856e+06,-83.3729
4.57088e+06,-83.3149
4.62381e+06,-83.2585
4.67735e+06,-83.2035
4.73151e+06,-83.1499
4.7863e+06,-83.0977
4.84172e+06,-83.0468
4.89779e+06,-82.9972
4.9545e+06,-82.9487
5.01187e+06,-82.9015
5.06991e+06,-82.8553
5.12861e+06,-82.8102
5.188e+06,-82.7662
5.24807e+06,-82.7232
5.30884e+06,-82.6811
5.37032e+06,-82.64
5.4325e+06,-82.5997
5.49541e+06,-82.5603
5.55904e+06,-82.5217
5.62341e+06,-82.4838
5.68853e+06,-82.4467
5.7544e+06,-82.4102
5.82103e+06,-82.3745
5.88844e+06,-82.3393
5.95662e+06,-82.3047
6.0256e+06,-82.2706
6.09537e+06,-82.2371
6.16595e+06,-82.204
6.23735e+06,-82.1714
6.30957e+06,-82.1391
6.38263e+06,-82.1072
6.45654e+06,-82.0756
6.53131e+06,-82.0443
6.60693e+06,-82.0132
6.68344e+06,-81.9822
6.76083e+06,-81.9514
6.83912e+06,-81.9207
6.91831e+06,-81.89
6.99842e+06,-81.8594
7.07946e+06,-81.8286
7.16143e+06,-81.7978
7.24436e+06,-81.7668
7.32825e+06,-81.7355
7.4131e+06,-81.7039
7.49894e+06,-81.672
7.58578e+06,-81.6397
7.67361e+06,-81.6068
7.76247e+06,-81.5734
7.85236e+06,-81.5392
7.94328e+06,-81.5044
8.03526e+06,-81.4686
8.12831e+06,-81.432
8.22243e+06,-81.3942
8.31764e+06,-81.3553
8.41395e+06,-81.3151
8.51138e+06,-81.2735
8.60994e+06,-81.2303
8.70964e+06,-81.1854
8.81049e+06,-81.1386
8.91251e+06,-81.0898
9.01571e+06,-81.0387
9.12011e+06,-80.9852
9.22571e+06,-80.929
9.33254e+06,-80.8699
9.44061e+06,-80.8077
9.54993e+06,-80.7421
9.66051e+06,-80.6729
9.77237e+06,-80.5997
9.88553e+06,-80.5222
1e+07,-80.4401
1.01158e+07,-80.3531
1.02329e+07,-80.2609
1.03514e+07,-80.163
1.04713e+07,-80.0592
1.05925e+07,-79.9493
1.07152e+07,-79.8328
1.08393e+07,-79.7097
1.09648e+07,-79.58
1.10917e+07,-79.4438
1.12202e+07,-79.3015
1.13501e+07,-79.1538
1.14815e+07,-79.0022
1.16145e+07,-78.8484
1.1749e+07,-78.6955
1.1885e+07,-78.5474
1.20226e+07,-78.4097
1.21619e+07,-78.2897
1.23027e+07,-78.1964
1.24451e+07,-78.141
1.25893e+07,-78.1358
1.2735e+07,-78.194
1.28825e+07,-78.3276
1.30317e+07,-78.5458
1.31826e+07,-78.8531
1.33352e+07,-79.2485
1.34896e+07,-79.725
1.36458e+07,-80.2709
1.38038e+07,-80.8715
1.39637e+07,-81.5113
1.41254e+07,-82.1749
1.42889e+07,-82.8487
1.44544e+07,-83.5212
1.46218e+07,-84.1829
1.47911e+07,-84.8265
1.49624e+07,-85.4467
1.51356e+07,-86.0395
1.53109e+07,-86.6028
1.54882e+07,-87.1353
1.56675e+07,-87.6369
1.58489e+07,-88.1084
1.60325e+07,-88.5511
1.62181e+07,-88.9668
1.64059e+07,-89.3578
1.65959e+07,-89.7266
1.6788e+07,-90.0755
1.69824e+07,-90.4074
1.71791e+07,-90.7246
1.7378e+07,-91.0296
1.75792e+07,-91.3246
1.77828e+07,-91.6116
1.79887e+07,-91.8924
1.8197e+07,-92.1685
1.84077e+07,-92.4412
1.86209e+07,-92.7114
1.88365e+07,-92.9796
1.90546e+07,-93.246
1.92752e+07,-93.5105
1.94984e+07,-93.7722
1.97242e+07,-94.0298
1.99526e+07,-94.2815
2.01837e+07,-94.5245
2.04174e+07,-94.7554
2.06538e+07,-94.97
2.0893e+07,-95.1631
2.11349e+07,-95.3289
2.13796e+07,-95.4611
2.16272e+07,-95.5533
2.18776e+07,-95.5992
2.21309e+07,-95.5935
2.23872e+07,-95.5325
2.26464e+07,-95.4139
2.29087e+07,-95.2381
2.31739e+07,-95.0074
2.34423e+07,-94.7259
2.37137e+07,-94.3993
2.39883e+07,-94.0341
2.42661e+07,-93.6369
2.45471e+07,-93.2144
2.48313e+07,-92.7727
2.51189e+07,-92.3171
2.54097e+07,-91.8524
2.5704e+07,-91.3822
2.60016e+07,-90.9099
2.63027e+07,-90.4379
2.66073e+07,-89.9681
2.69153e+07,-89.5022
2.7227e+07,-89.0411
2.75423e+07,-88.5858
2.78612e+07,-88.1368
2.81838e+07,-87.6945
2.85102e+07,-87.2591
2.88403e+07,-86.8307
2.91743e+07,-86.4094
2.95121e+07,-85.9951
2.98538e+07,-85.5877
3.01995e+07,-85.1871
3.05492e+07,-84.7931
3.0903e+07,-84.4056
3.12608e+07,-84.0243
3.16228e+07,-83.6491
3.1989e+07,-83.2798
3.23594e+07,-82.9161
3.27341e+07,-82.5578
3.31131e+07,-82.2048
3.34965e+07,-81.8569
3.38844e+07,-81.5138
3.42768e+07,-81.1754
3.46737e+07,-80.8415
3.50752e+07,-80.512
3.54813e+07,-80.1866
3.58922e+07,-79.8653
3.63078e+07,-79.5478
3.67282e+07,-79.234
3.71535e+07,-78.9238
3.75837e+07,-78.6171
3.80189e+07,-78.3136
3.84592e+07,-78.0134
3.89045e+07,-77.7163
3.9355e+07,-77.4221
3.98107e+07,-77.1308
4.02717e+07,-76.8422
4.0738e+07,-76.5563
4.12098e+07,-76.2729
4.16869e+07,-75.9921
4.21697e+07,-75.7136
4.2658e+07,-75.4374
4.31519e+07,-75.1635
4.36516e+07,-74.8917
4.4157e+07,-74.622
4.46684e+07,-74.3543
4.51856e+07,-74.0886
4.57088e+07,-73.8247
4.62381e+07,-73.5626
4.67735e+07,-73.3024
4.73151e+07,-73.0438
4.7863e+07,-72.7869
4.84172e+07,-72.5315
4.89779e+07,-72.2777
4.9545e+07,-72.0255
5.01187e+07,-71.7746
5.06991e+07,-71.5252
5.12861e+07,-71.2772
5.188e+07,-71.0304
5.24807e+07,-70.785
5.30884e+07,-70.5408
5.37032e+07,-70.2978
5.4325e+07,-70.056
5.49541e+07,-69.8154
5.55904e+07,-69.5758
5.62341e+07,-69.3374
5.68853e+07,-69.0999
5.7544e+07,-68.8635
5.82103e+07,-68.6281
5.88844e+07,-68.3937
5.95662e+07,-68.1601
6.0256e+07,-67.9275
6.09537e+07,-67.6958
6.16595e+07,-67.4649
6.23735e+07,-67.2349
6.30957e+07,-67.0057
6.38263e+07,-66.7773
6.45654e+07,-66.5496
6.53131e+07,-66.3227
6.60693e+07,-66.0966
6.68344e+07,-65.8711
6.76083e+07,-65.6464
6.83912e+07,-65.4223
6.91831e+07,-65.1989
6.99842e+07,-64.9761
7.07946e+07,-64.754
7.16143e+07,-64.5325
7.24436e+07,-64.3116
7.32825e+07,-64.0913
7.4131e+07,-63.8715
7.49894e+07,-63.6523
7.58578e+07,-63.4337
7.67361e+07,-63.2155
7.76247e+07,-62.9979
7.85236e+07,-62.7808
7.94328e+07,-62.5643
8.03526e+07,-62.3481
8.12831e+07,-62.1325
8.22243e+07,-61.9173
8.31764e+07,-61.7026
8.41395e+07,-61.4884
8.51138e+07,-61.2746
8.60994e+07,-61.0612
8.70964e+07,-60.8482
8.81049e+07,-60.6356
8.91251e+07,-60.4234
9.01571e+07,-60.2117
9.12011e+07,-60.0003
9.22571e+07,-59.7893
9.33254e+07,-59.5787
9.44061e+07,-59.3684
9.54993e+07,-59.1585
9.66051e+07,-58.9489
9.77237e+07,-58.7397
9.88553e+07,-58.5309
1e+08,-58.3223
